"key","AIContextualSummary","AffiliateLink","AnnualFee","CardTier","FullName","Issuer","Perks","RewardsRate","SpecialOffers","UpdatedAt"
"","カード名: UCプラチナカード
                    年会費: 16,500円（初年度無料）
                    ポイント還元率: 1.0%～7.0%
                    特徴: 還元率は1％、3か月45万円以上の利用でボーナスポイント、家族カードを1枚追加しても年会費3万円未満とお得なプラチナカード、スマホ補償が自動付帯　スマホ等の修理代金を年間最大3万円まで補償、ANAやJALなどの対象航空会社での利用で7％還元、Visaプラチナコンシェルジュデスクを利用可能","","16,500円（初年度無料）","Platinum","UCプラチナカード","","Visaプラチナ特典付き、年会費1万円台のUCプラチナカードです。","1.0%～7.0%","価格.comからのお申し込みで初年度年会費無料","2025-10-01T14:04:43.460870"
"","カード名: dカード PLATINUM
                    年会費: 29,700円
                    ポイント還元率: 1.0%～4.5%
                    特徴: ドコモケータイやドコモ光などの支払いで最大20％還元、100万円利用ごとに1万円相当のクーポン還元（最大4万円相当まで）、マネックス証券でのdカード積立が最大3.1％還元、年間10回までプライオリティ・パスで国際線の空港ラウンジ利用可能、対象のレストランで対象のコース料理を2名以上で予約すると1名無料","","29,700円","Platinum","dカード PLATINUM","","ドコモ利用料金が最大20％還元されるプラチナカードです。","1.0%～4.5%","最大20,000円相当プレゼント","2025-10-01T14:04:43.461981"
"","カード名: 三井住友カード プラチナプリファード
                    年会費: 33,000円
                    ポイント還元率: 1.0%～10.0%
                    特徴: Visa加盟店どこでも1％還元、特約店では最大＋9％、SBI証券でのクレカ積立で最大3％付与（一定の条件あり）　※クレカ積立上限は10万円、対象のコンビニ・飲食店で最大7％還元、家族ポイントでさらに最大＋5％還元、年間最大4万ポイントのボーナスポイント、コンシェルジュデスクVPCCを利用可能","","33,000円","Platinum","三井住友カード プラチナプリファード","","還元率が最大10％、ポイント特化型の三井住友プラチナカードです。","1.0%～10.0%","最大49,000円相当プレゼント,さらに500円相当プレゼント","2025-10-01T14:04:43.462626"
"","カード名: JCBプラチナ
                    年会費: 27,500円
                    ポイント還元率: 0.5%～10.0%
                    特徴: 2名以上の予約で、有名レストランのコースメニュー1名分無料、USJ限定ラウンジで「ザ・フライング・ダイナソー」優先搭乗可、ナンバーレスデザインで、カード情報の覗き見リスク低、タッチ決済でスピーディーに支払い可、JCBグループ最高峰のJCB・ザ・クラスへの招待状が受け取れる","","27,500円","Platinum","JCBプラチナ","","優待店の利用で最大10%還元、クレカ積立でもポイントが貯まるプラチナカードです。","0.5%～10.0%","最大89,500円相当プレゼント,さらに500円相当プレゼント","2025-10-01T14:04:43.463215"
"","カード名: apollostation THE PLATINUM セゾン・アメリカン・エキスプレス(R)・カード
                    年会費: 22,000円（初年度無料）
                    ポイント還元率: 1.2%
                    特徴: 年間300万円以上の利用で年会費が無料になるプラチナカード、apollostationでガソリン・軽油が請求時2円/L引き＋月10万円以上利用すると10円引き/L、ロードサービスが自動付帯、1.2％還元で請求額に充当したりdポイントやPontaポイントに交換したりできる、コンシェルジュデスクや国内外の空港ラウンジ利用可能など一通りのプラチナカード特典を利用できる","","22,000円（初年度無料）","Platinum","apollostation THE PLATINUM セゾン・アメリカン・エキスプレス(R)・カード","","ポイント還元率1.2％でガソリンの値引も受けられるプラチナカードです。","1.2%","30,000円相当プレゼント,1/5までに価格.comからのお申し込みで初年度年会費無料","2025-10-01T14:04:43.463791"
"","カード名: セゾンプラチナ・ビジネス・アメリカン・エキスプレス(R)・カード
                    年会費: 33,000円（初年度無料）
                    ポイント還元率: 0.5%～1.0%
                    特徴: 旅行やホテル、コンサート予約もできるコンシェルジュ付き、最高1億円補償の旅行傷害保険が付帯、海外出張が多い個人事業主にぴったり","","33,000円（初年度無料）","Platinum","セゾンプラチナ・ビジネス・アメリカン・エキスプレス(R)・カード","","様々なビジネスサポートが受けられるセゾンプラチナカードです。","0.5%～1.0%","","2025-10-01T14:04:43.464290"
"","カード名: 三菱UFJカード・プラチナ・アメリカン・エキスプレス(R)・カード
                    年会費: 22,000円
                    ポイント還元率: 0.5%～7.0%
                    特徴: 24時間海外からでもつながるプラチナ・コンシェルジュサービス、空港ラウンジ、プライオリティパス、旅行保険などトラベルサービスが充実、プラチナ・グルメセレクションでは大人2名以上の利用で1名分のコースが無料、ホテルの部屋のアップグレードや朝食無料などのホテル優待、対象のコンビニ、飲食店、スーパーで最大20%還元","","22,000円","Platinum","三菱UFJカード・プラチナ・アメリカン・エキスプレス(R)・カード","","MUFGカードの基本機能とプラチナ専用サービスが受けられるカードです。","0.5%～7.0%","最大15,000円相当プレゼント","2025-10-01T14:04:43.464837"
"","カード名: JALカード プラチナ
                    年会費: 34,100円
                    ポイント還元率: 1.0%～2.0%
                    特徴: コンシェルジュデスクの利用が可能、海外空港ラウンジを利用できるプライオリティ・パス付帯、通常年会費4,950円のショッピングマイル・プレミアム自動加入でどこでも1％のマイル還元、フライトマイルは25％アップ、国際線ではエコノミークラス運賃でも、ビジネスクラスのチェックインカウンターを利用できる","","34,100円","Platinum","JALカード プラチナ","","世界の空港ラウンジが無料で利用できるJALカード最高位のカードです。","1.0%～2.0%","","2025-10-01T14:04:43.465352"
"","カード名: apollostation PLATINUM BUSINESS
                    年会費: 22,000円
                    ポイント還元率: 0.8%～1.0%
                    特徴: 年間利用額300万円以上で年会費が無料に、対象となりにくいスマホやノートPCなどもショッピング保険の対象、国際ブランドはVisaとAmerican Expressから選択可能、国内での利用時は0.8％還元、海外での利用時は1%還元、たまったポイントはカード利用金額に充当可能","","22,000円","Platinum","apollostation PLATINUM BUSINESS","","ビジネスサポートが充実し、給油でポイントが貯まるプラチナカードです。","0.8%～1.0%","最大22,000円相当プレゼント","2025-10-01T14:04:43.465886"
"","カード名: セゾンプラチナ・アメリカン・エキスプレス(R)・カード
                    年会費: 33,000円
                    ポイント還元率: 1.0%
                    特徴: 国内・海外で1％還元（2倍）、サービス年会費5,500円のSAISON MILE CLUBを利用可能　JALのマイル還元率が1.125％に、セゾンプラチナ・ビジネス・アメリカン・エキスプレス・カードとセットで持つと年会費が無料に、付帯するプライオリティ・パスはラウンジの他、飲食店やスパなども利用可能","","33,000円","Platinum","セゾンプラチナ・アメリカン・エキスプレス(R)・カード","","セゾンアメックス最高クラスのプラチナカードです。","1.0%","最大10,000円相当プレゼント","2025-10-01T14:04:43.466391"
"","カード名: TRUST CLUB プラチナマスターカード
                    年会費: 3,300円
                    ポイント還元率: 0.5%～1.23%
                    特徴: リーズナブルな年会費、2名以上の予約で有名レストランの食事1名分無料、最高3,000万円補償の旅行傷害保険が付帯、ショッピング利用100円につき2ポイント貯まり、ポイント獲得のスピードが早い、全国の高級旅館約900施設を利用可能で和の伝統をたっぷり味わえる","","3,300円","Platinum","TRUST CLUB プラチナマスターカード","","年会費3,300円で人気のサービスが受けられるプラチナカードです。","0.5%～1.23%","","2025-10-01T14:04:43.466887"
"","カード名: 三井住友カード プラチナ
                    年会費: 55,000円
                    ポイント還元率: 1.0%～7.0%
                    特徴: VisaプラチナとMastercard(R)プラチナの2枚持ち（別途年会費＋5,500円）でそれぞれのブランド特典を利用可能、どこで使っても還元率1％、「選べる無料保険」で2つ選択可能、プライオリティ・パスが自動付帯、毎年「メンバーズセレクション」のカタログギフトから商品・サービスを1つ選べる","","55,000円","Platinum","三井住友カード プラチナ","","2種類のカードデザインから選べる、三井住友プラチナカードです。","1.0%～7.0%","","2025-10-01T14:04:43.467388"
"","カード名: TRUST CLUB ワールドカード
                    年会費: 13,200円
                    ポイント還元率: 0.75%～1.65%
                    特徴: 国内に2つしか存在しないMastercardワールドのカード、MastercardのTaste of Premiumのワールド特典を利用でき、対象レストランの対象コース料理を2名以上で予約すると1名無料になる特典などを利用できる、プライオリティ・パス（Mastercardプログラム）に年会費無料で登録可能（都度35米ドル必要）、年間100万円の利用で貯まるポイントを年会費に充当可、出国時の防寒着を1着無料で預けることが可能","","13,200円","Platinum","TRUST CLUB ワールドカード","","旅行サービスに富んだカードです。","0.75%～1.65%","最大13,200円相当プレゼント","2025-10-01T14:04:43.467890"
"","カード名: 静銀セゾンプラチナ・アメリカン・エキスプレス(R)・カード
                    年会費: 22,000円
                    ポイント還元率: 0.6%～1.22%
                    特徴: 還元率が常時1％還元、使い勝手の良い「テングループ」のコンシェルジュデスクサービス、家族カードが1枚無料　家族会員もコンシェルジュデスクなどの利用が可能、法人口座に対応し、ビジネスオーナーでも利用でき、法人税などでも1％還元、貯まったポイントはマイルや年会費の充当などで利用可能","","22,000円","Platinum","静銀セゾンプラチナ・アメリカン・エキスプレス(R)・カード","","ポイント還元率1.0％。有効期限のない永久不滅ポイントが貯まるカードです。","0.6%～1.22%","最大60,000円相当プレゼント","2025-10-01T14:04:43.468464"
"","カード名: Oliveフレキシブルペイ プラチナプリファード
                    年会費: 33,000円
                    ポイント還元率: 1.0%～10.0%
                    特徴: 常時1％還元、特約店では＋9％還元、毎年100万円利用ごとに10,000ボーナスポイント付与（年間40,000ポイント上限）、Vポイントアッププログラムで対象のコンビニ・飲食店で最大20％還元、SBI証券でのクレカ積立で最大3％付与（一定の条件あり）　※クレカ積立上限は10万円、コンシェルジュデスクの利用が可能","","33,000円","Platinum","Oliveフレキシブルペイ プラチナプリファード","","ポイント還元率が常時1.0％、4つの機能が1枚に集約されたプラチナカードです。","1.0%～10.0%","最大11,000円相当プレゼント","2025-10-01T14:04:43.469029"
"","カード名: アメリカン・エキスプレス・プラチナ・カード(R)
                    年会費: 165,000円
                    ポイント還元率: 0.5%～3.0%
                    特徴: カード更新時にホテル無料宿泊券（1泊2名分）プレゼント、センチュリオン・ラウンジなどトラベルサービスが充実、独自の補償（プロテクション）が充実、プラチナ・コンシェルジェ・デスクでホテルやレストランの予約も可能、家族カードは4枚まで無料","","165,000円","Platinum","アメリカン・エキスプレス・プラチナ・カード(R)","","高級ホテルの上級会員サービスが受けられるハイスペックなカードです。","0.5%～3.0%","最大75,000円相当プレゼント","2025-10-01T14:04:43.469554"
"","カード名: 三井住友ビジネスプラチナカード for Owners
                    年会費: 55,000円
                    ポイント還元率: 1.0%～7.0%
                    特徴: 個人カードに近く、分割払いなどの支払方法を選択できる、毎年7,000円程度の商品から選べる「メンバーズセレクション」が送られてくる、対象のコンビニ・飲食店でスマホのタッチ決済を利用すると最大7％還元、宝塚の三井住友カード貸切公演でSS席の抽選申し込みに参加可能、国際線空港ラウンジを利用できる「プライオリティ・パス」を利用できる","","55,000円","Platinum","三井住友ビジネスプラチナカード for Owners","","支払い方法が自由に選べる、三井住友カードのビジネスプラチナカードです。","1.0%～7.0%","最大65,000円相当プレゼント","2025-10-01T14:04:43.470071"
"","カード名: 楽天ブラックカード
                    年会費: 33,000円
                    ポイント還元率: 1.0%～3.0%
                    特徴: 楽天証券や楽天市場など楽天グループの利用でポイントアップ、年会費無料で「プライオリティ・パス」に登録可能、最高1億円の海外旅行傷害保険が自動付帯","","33,000円","Platinum","楽天ブラックカード","","最高1億円の旅行傷害保険やコンシェルジュサービスが付帯したカードです。","1.0%～3.0%","","2025-10-01T14:04:43.470589"
"","カード名: エポスプラチナカード
                    年会費: 30,000円
                    ポイント還元率: 0.5%～1.25%
                    特徴: 年間の利用金額に応じて貯まるボーナスポイント、プラチナ限定。誕生月はボーナスポイントが2倍、ずっと使える貯められる。期限なしの永久ポイント","","30,000円","Platinum","エポスプラチナカード","","年間100万円以上利用すると、年会費が実質無料になるプラチナカードです。","0.5%～1.25%","","2025-10-01T14:04:43.471079"
"","カード名: JCB ザ・クラス
                    年会費: 55,000円
                    ポイント還元率: 0.5%～10.0%
                    特徴: 手厚い補償が受けられる旅行保険やサービスが付帯、ザ・クラス会員の特典が充実、海外利用でポイントが2倍になるOki Dokiポイントが貯まる","","55,000円","Platinum","JCB ザ・クラス","","JCB最高級のサービスと手厚いサポートが受けられるインビテーション制カードです。","0.5%～10.0%","","2025-10-01T14:04:43.471562"
"","カード名: TRUST CLUB プラチナ Visaカード
                    年会費: 38,500円
                    ポイント還元率: 1.0%
                    特徴: プラチナ専用のコンシェルジュデスクは24時間年中無休で対応、世界の空港ラウンジが利用できる「プライオリティ・パス」が回数制限なしで利用可能、キャンセルプロテクションは飛行機や旅行のキャンセル費用も対象、ショッピング利用で100円につき4ポイント貯まる（1.0%還元）、年間利用額に応じてボーナスポイントが加算","","38,500円","Platinum","TRUST CLUB プラチナ Visaカード","","プライオリティ・パスが申込みでき、様々な付帯保険がついたプラチナカードです。","1.0%","","2025-10-01T14:04:46.965495"
"","カード名: JCBプラチナ法人カード
                    年会費: 33,000円
                    ポイント還元率: 0.45%～9.9%
                    特徴: 世界を飛び回るビジネスパーソン向けの上位カード、プラチナ・コンシェルジュデスクは24時間365日対応、プライオリティ・パスで世界の空港ラウンジが利用可能、資金管理・改善ポータル「Cashmap」が無料で利用可能","","33,000円","Platinum","JCBプラチナ法人カード","","プラチナだけの特別なサービスが受けられるJCB法人カードです。","0.45%～9.9%","最大125,000円相当プレゼント","2025-10-01T14:04:46.966646"
"","カード名: ANA VISA プラチナプレミアムカード
                    年会費: 88,000円
                    ポイント還元率: 0.5%～3.0%
                    特徴: 入会と継続でボーナスマイル付与、ANAグループ利用でボーナスマイル付与、ANA航空券を購入するとマイルが2倍貯まる","","88,000円","Platinum","ANA VISA プラチナプレミアムカード","","最高1億円の旅行保険が自動付帯でマイルが貯まりやすいANAプラチナカードです。","0.5%～3.0%","","2025-10-01T14:04:46.967550"
"","カード名: TRUST CLUB ワールドエリートカード
                    年会費: 143,000円
                    ポイント還元率: 1.0%～1.25%
                    特徴: Mastercard(R)の最上位カード、旅行傷害保険は最高1億円までの高額補償、ホテルやレストランの優待サービス「Taste of Premium(R)」特典がすべて利用可能、事故やゴルフ用品を補償する「ゴルファー保険」が自動付帯、ポイントは100円につき4ポイント付与され、有効期限なし、「ダイナースクラブプレミアムカード」ユーザーは、本カードが無料付帯","","143,000円","Platinum","TRUST CLUB ワールドエリートカード","","最高1億円の旅行保険が付帯されている、Mastercard(R)最上位カードです。","1.0%～1.25%","","2025-10-01T14:04:46.968471"
"","カード名: アメリカン・エキスプレス(R)・ビジネス・プラチナ・カード
                    年会費: 165,000円
                    ポイント還元率: 0.5%～3.0%
                    特徴: 基本カードはメタル製のカードでステータス感も抜群、セカンド・ビジネス・プラチナ・カードを発行すると、金属製のカードが利用できない決済端末でも利用可能、特典は基本カード会員とほぼ同じ、毎年送られるフリー・ステイ・ギフトで対象のホテル宿泊が1泊無料能、Marriott Bonvoy(R)やヒルトン・オナーズなどの上級会員に無料登録可能","","165,000円","Platinum","アメリカン・エキスプレス(R)・ビジネス・プラチナ・カード","","様々なケアが用意されたアメックスのビジネスプラチナカードです。","0.5%～3.0%","最大66,000円相当プレゼント","2025-10-01T14:04:46.969359"
"","カード名: 九州カード VISAプラチナカード
                    年会費: 55,000円
                    ポイント還元率: 1.0%
                    特徴: VISAベストカードデザイン賞受賞、コンシェルジュデスクでトラベルサポート、国内・海外最高1億円の保険が自動付帯、プライオリティパス無料付帯で海外のラウンジ利用可能、グルメ割引などお得な特典つき","","55,000円","Platinum","九州カード VISAプラチナカード","","クオリティの高いサービスが受けられる九州カードオリジナルのプラチナカードです。","1.0%","","2025-10-01T14:04:46.970219"
"","カード名: ANAアメリカン・エキスプレス(R)・プレミアム・カード
                    年会費: 165,000円
                    ポイント還元率: 1.0%～2.5%
                    特徴: ポイントは無期限、ためたポイントをいつでもANAのマイルに上限なしで交換可能、搭乗ボーナスは50％UP、カード継続毎に10,000ボーナスマイルとマイルもたまりやすい、ANA国内線では、空港ラウンジを無料で利用可能、ANA国際線では、エコノミークラス利用でも比較的空いているビジネスクラス専用カウンターを利用可能、プライオリティ・パスで海外空港のラウンジも利用でき、同伴者1名まで無料利用可","","165,000円","Platinum","ANAアメリカン・エキスプレス(R)・プレミアム・カード","","ANAグループの利用でポイントが2.5倍貯まるアメックスのプレミアムカードです。","1.0%～2.5%","最大130,000円相当プレゼント","2025-10-01T14:04:46.970964"
"","カード名: デルタ スカイマイル TRUST CLUB プラチナVISAカード
                    年会費: 44,000円
                    ポイント還元率: 1.5%
                    特徴: フライト、ショッピングで100円につき1.5マイルが貯まる、入会後6ヶ月で、ファーストフライトボーナスマイル最大25,000マイルがもらえる、年間計6回まで「デルタ スカイクラブ」ラウンジが無料で利用可能、対象レストランで所定のコースが2名以上の予約で1名分が無料、カードで購入した商品は年間500万円まで補償","","44,000円","Platinum","デルタ スカイマイル TRUST CLUB プラチナVISAカード","","貯まるマイルは無期限、最高1億円の旅行保険が付帯されているカードです。","1.5%","","2025-10-01T14:04:46.971782"
"","カード名: ジャックスカードプラチナ
                    年会費: 22,000円
                    ポイント還元率: 1.0%
                    特徴: 年間合計利用金額に応じてポイントが貯まりやすい、24時間対応のコンシェルジュサービスが利用可能、空港ラウンジサービスが利用可能","","22,000円","Platinum","ジャックスカードプラチナ","","コンシェルジュサービスなどが利用できる、ジャックスカードのプラチナカードです。","1.0%","","2025-10-01T14:04:46.972629"
"","カード名: キャセイパシフィック MUFGカード・プラチナ・アメリカン・エキスプレス(R)・カード
                    年会費: 27,500円
                    ポイント還元率: 0.5%～7.0%
                    特徴: アジア・マイルが貯まる、ワンランク上の優待プログラム、マルコポーロクラブグリーン会員料が無料","","27,500円","Platinum","キャセイパシフィック MUFGカード・プラチナ・アメリカン・エキスプレス(R)・カード","","キャセイパシフィックと三菱UFJニコス提携のプラチナカードです。","0.5%～7.0%","","2025-10-01T14:04:46.973370"
"","カード名: ANAダイナース スーパーフライヤーズ プレミアムカード
                    年会費: 170,500円
                    ポイント還元率: 0.6%～3.0%
                    特徴: 入会・継続でボーナスマイルプレゼント、ANAグループでのカード決済でマイルが2倍、カード利用でマイルに移行可能なポイントが貯まる","","170,500円","Platinum","ANAダイナース スーパーフライヤーズ プレミアムカード","","優待プログラムが充実、マイルも貯まりやすいプレミアムカードです。","0.6%～3.0%","","2025-10-01T14:04:46.974209"
"","カード名: 三井住友ビジネスカード（プラチナ）
                    年会費: 55,000円
                    ポイント還元率: 0.8%～0.97%
                    特徴: コンシェルジュデスク活用で出張などをお任せ手配、海外空港ラウンジの利用できる「プライオリティ・パス」が自動付帯、2名以上のコース料理を利用すると1名分が無料となる「プラチナグルメクーポン」で接待などもおトクに、通常体験できない会員限定のイベントに参加できる　経営者同士のコミュニティとして利用可能","","55,000円","Platinum","三井住友ビジネスカード（プラチナ）","","ビジネスカードにプラチナの価値をプラスした三井住友カードです。","0.8%～0.97%","最大52,000円相当プレゼント","2025-10-01T14:04:46.975140"
"","カード名: JAL アメリカン・エキスプレス(R)・カード プラチナ
                    年会費: 34,100円
                    ポイント還元率: 1.0%～2.0%
                    特徴: 魅力的なプラチナカード限定サービス、中国を中心に、全世界の加盟店で利用できる銀聯カード発行、空港ラウンジサービスが利用できます","","34,100円","Platinum","JAL アメリカン・エキスプレス(R)・カード プラチナ","","世界のラウンジが無料で利用できる、JALプラチナカードです。","1.0%～2.0%","","2025-10-01T14:04:46.976020"
"","カード名: 三井住友カード Visa Infinite
                    年会費: 99,000円
                    ポイント還元率: 1.0%～7.0%
                    特徴:","","99,000円","Platinum","三井住友カード Visa Infinite","","利得性と独自の体験価値を兼ね備えた、Visa最上位ランクの三井住友カードです。","1.0%～7.0%","最大100,000円相当プレゼント","2025-10-01T14:04:46.976895"
"","カード名: Orico Card THE PLATINUM
                    年会費: 20,370円
                    ポイント還元率: 1.0%～2.5%
                    特徴: ポイント還元率が常に1.0％以上、5つの特別加算ポイント、コンシェルジュサービスが付帯","","20,370円","Platinum","Orico Card THE PLATINUM","","ポイント還元率1.0％以上、還元率の高いオリコのプラチナカードです。","1.0%～2.5%","","2025-10-01T14:04:46.977782"
"","カード名: ANA VISA プラチナ スーパーフライヤーズ プレミアムカード
                    年会費: 88,000円
                    ポイント還元率: 0.5%～3.0%
                    特徴: 継続と搭乗でボーナスマイルがもらえる、最高1億円の旅行傷害保険が自動付帯、ANAマイレージクラブ・スーパーフライヤーズ会員特典","","88,000円","Platinum","ANA VISA プラチナ スーパーフライヤーズ プレミアムカード","","プラチナカードならではの上質な特典が充実、マイルも溜まりやすいカードです。","0.5%～3.0%","","2025-10-01T14:04:46.978629"
"","カード名: みずほセゾンプラチナ・アメリカン・エキスプレス(R)・カード
                    年会費: 22,000円
                    ポイント還元率: 1.0%
                    特徴:","","22,000円","Platinum","みずほセゾンプラチナ・アメリカン・エキスプレス(R)・カード","","2023年8月31日に新規のお申し込み受付を終了したカードです。","1.0%","","2025-10-01T14:04:46.979422"
"","カード名: アパステイヤーズクラブカード プラチナ
                    年会費: 20,000円
                    ポイント還元率: 0.5%～1.25%
                    特徴: アパポイントは最大15％のポイント還元、年間ボーナスポイントが最大10万ポイント、最高1億円補償の海外旅行傷害保険、プライオリティ・パスが付帯","","20,000円","Platinum","アパステイヤーズクラブカード プラチナ","","アパホテルズ＆リゾーツで利用できる特典が豊富な、完全招待制のカードです。","0.5%～1.25%","","2025-10-01T14:04:46.980203"
"","カード名: ダイナースクラブ プレミアムカード
                    年会費: 143,000円
                    ポイント還元率: 0.5%～1.0%
                    特徴: 「TRUST CLUB ワールドエリートカード」を無料発行、最高1億円の旅行傷害保険が付帯、国内外1,000ヵ所以上の空港ラウンジ無料","","143,000円","Platinum","ダイナースクラブ プレミアムカード","","プラチナならではのサービスとステータスを兼ね備えた招待制のダイナースカードです。","0.5%～1.0%","","2025-10-01T14:04:46.980983"
"","カード名: ANA JCBカード プレミアム
                    年会費: 77,000円
                    ポイント還元率: 1.0%～3.0%
                    特徴: ANAカードの最上位カードとしては年会費が安い、ショッピングマイルの還元率は1.3％、国内ラウンジはANAラウンジを利用でき、海外ラウンジはプライオリティ・パスの利用が可能、プラチナ・コンシェルジュデスクを24時間365日利用できる、プレミアム限定のダースベーダーデザインも選択可","","77,000円","Platinum","ANA JCBカード プレミアム","","最高1億円の旅行保険が自動付帯でマイルが貯まりやすいANAプラチナカードです。","1.0%～3.0%","","2025-10-01T14:04:46.981758"
"","カード名: レクサスカード
                    年会費: 22,000円
                    ポイント還元率: 1.0%～4.5%
                    特徴: ENEOSでの給油割引サービス、空港ラウンジを無料で利用可能、国内・海外旅行傷害保険やショッピング補償保険が標準付帯","","22,000円","Platinum","レクサスカード","","レクサスオーナー限定のプラチナカードです。","1.0%～4.5%","","2025-10-01T14:04:50.412654"
"","カード名: Mastercard(R) Titanium Card
                    年会費: 55,000円（初年度27,500円）
                    ポイント還元率: 1.0%～6.6%
                    特徴: ブラッシュド加工金属製カード、還元率1％キャッシュバック、時間や場所を問わず利用可能なコンシェルジュサービス","","55,000円（初年度27,500円）","Platinum","Mastercard(R) Titanium Card","","インビテーションなしでも申込みができる、ハイステータスカードです。","1.0%～6.6%","","2025-10-01T14:04:50.413653"
"","カード名: ミライノ カード PLATINUM
                    年会費: 27,500円
                    ポイント還元率: 1.2%
                    特徴:","","27,500円","Platinum","ミライノ カード PLATINUM","","2023年11月30日に新規のお申し込み受付を終了したカードです。","1.2%","","2025-10-01T14:04:50.414239"
"","カード名: ANAダイナース スーパーフライヤーズカード
                    年会費: 30,800円
                    ポイント還元率: 0.4%～1.0%
                    特徴: 継続と搭乗でボーナスマイルがもらえる、貯めたポイントをANAマイルに交換できる、最高1億円の旅行傷害保険が付帯","","30,800円","Platinum","ANAダイナース スーパーフライヤーズカード","","ANAマイルとリワードポイントが貯まりやすいダイナースクラブカードです。","0.4%～1.0%","","2025-10-01T14:04:50.414821"
"","カード名: JAL Luxury Card
                    年会費: 242,000円
                    ポイント還元率: 1.2%～1.44%
                    特徴: 「JMBクリスタル」ステイタスが自動付帯、最上位ならではの優待サービスが充実、JALマイルが貯まる","","242,000円","Platinum","JAL Luxury Card","","「JMB クリスタル」ステイタスが自動付帯したJAL最上位ランクのカードです。","1.2%～1.44%","","2025-10-01T14:04:50.415546"
"","カード名: 東武カードVIP
                    年会費: 33,000円
                    ポイント還元率: 1.5%～10.0%
                    特徴: ポイント還元率がアップした完全招待制のプラチナカード、プラチナならではのサービス、タッチ決済に対応","","33,000円","Platinum","東武カードVIP","","基本還元率1.5%、東武百貨店で最大10％ポイントが貯まる招待制のカードです。","1.5%～10.0%","","2025-10-01T14:04:50.416140"
"","カード名: ANA JCBスーパーフライヤーズカード プレミアム
                    年会費: 77,000円
                    ポイント還元率: 1.0%～3.0%
                    特徴: ボーナスマイルがもらえる、Oki Dokiポイントとマイルが2倍たまる、国内外の空港ラウンジサービスが利用可能","","77,000円","Platinum","ANA JCBスーパーフライヤーズカード プレミアム","","ANAとJCBのハイクオリティなサービスが受けられるプレミアムカードです。","1.0%～3.0%","","2025-10-01T14:04:50.416707"
"","カード名: 三井住友トラストVISAプラチナカード
                    年会費: 38,500円
                    ポイント還元率: 1.0%
                    特徴: 最高1億円補償の旅行付帯保険が付帯、最高500万円補償のお買物安心保険が付帯、様々なサービスが利用可能","","38,500円","Platinum","三井住友トラストVISAプラチナカード","","最高1億円の旅行傷害保険が付いた三井住友トラスト・カードのプラチナカードです。","1.0%","","2025-10-01T14:04:50.417230"
"","カード名: Miles & More MUFGカード・プラチナ・アメリカン・エキスプレス(R)・カード
                    年会費: 30,800円
                    ポイント還元率: -
                    特徴: プラチナ会員だけの充実したサービス、国内外の空港ラウンジサービスが受けられる、手厚い補償が受けられる国内外の保険","","30,800円","Platinum","Miles & More MUFGカード・プラチナ・アメリカン・エキスプレス(R)・カード","","国内外の保険が充実したマイルも貯まりやすいプラチナカードです。","-","","2025-10-01T14:04:50.417746"
"","カード名: JAL・JCBカード プラチナ Pro
                    年会費: 77,000円
                    ポイント還元率: 1.0%～2.4%
                    特徴: ２種類の限定ボーナスマイルが貯まる、ショッピング利用でマイルが2倍貯まる、プラチナ会員向けの優待が充実","","77,000円","Platinum","JAL・JCBカード プラチナ Pro","","現行のJALカード プラチナの機能にオリジナルサービスが付帯したカードです。","1.0%～2.4%","","2025-10-01T14:04:50.418266"
"","カード名: bitFlyer Platinum Card（ビットフライヤー プラチナカード）
                    年会費: 16,500円（初年度無料）
                    ポイント還元率: 1.0%
                    特徴: 自動的に「ビットコイン」へ交換される、最高3,000万円の旅行傷害保険が利用付帯、条件クリアで翌年度年会費無料","","16,500円（初年度無料）","Platinum","bitFlyer Platinum Card（ビットフライヤー プラチナカード）","","「ビットコイン」が貯まり、プラチナならではのサービスが付帯したカードです。","1.0%","","2025-10-01T14:04:50.418795"
"","カード名: PRESTIA Visa PLATINUM CARD
                    年会費: 38,500円（初年度無料）
                    ポイント還元率: 1.0%
                    特徴: ワンランク上のプラチナ会員特典、口座維持手数料が無料、取引額に応じてVポイントが貯まる","","38,500円（初年度無料）","Platinum","PRESTIA Visa PLATINUM CARD","","SMBC信託銀行のプレスティアゴールド会員以上向けのプラチナカードです。","1.0%","","2025-10-01T14:04:50.419488"
"","カード名: JAL Luxury Card Limited
                    年会費: 599,500円
                    ポイント還元率: 1.5%～1.8%
                    特徴: JALのサービスステイタス「JMBサファイア」が自動付帯、JALマイルの基本還元率が1.5%、JALブランドを象徴するカードフェイス","","599,500円","Platinum","JAL Luxury Card Limited","","「JMBサファイア」ステイタスが付帯した招待制のJALカードです。","1.5%～1.8%","","2025-10-01T14:04:50.420057"
"","カード名: 名古屋大学MUFGカード・プラチナ・アメリカン・エキスプレス(R)・カード
                    年会費: 22,000円
                    ポイント還元率: 0.5%～7.0%
                    特徴: 名古屋大学での優待サービスを受けられる、プライオリティ・パスが無料で利用できる、海外旅行・国内旅行に関連する保険が自動付帯","","22,000円","Platinum","名古屋大学MUFGカード・プラチナ・アメリカン・エキスプレス(R)・カード","","名古屋大学での優待とプラチナならでは特典が受けられるカードです。","0.5%～7.0%","","2025-10-01T14:04:50.420576"
"","カード名: MileagePlusセゾンプラチナカード
                    年会費: 55,000円
                    ポイント還元率: 1.5%
                    特徴: ユナイテッド航空のマイルが貯まる、ユナイテッド航空で様々なサービスが利用可能、プラチナ限定サービスが付帯","","55,000円","Platinum","MileagePlusセゾンプラチナカード","","還元率1.5％、サンクスマイルが毎年5,000マイル付与されるプラチナカードです。","1.5%","","2025-10-01T14:04:50.421115"
"","カード名: ANA JCB CARD Precious
                    年会費: 39,600円
                    ポイント還元率: 0.5%～2.0%
                    特徴: ANAマイルが貯まる、プラチナカードのサービスが付帯、最高1億円の国内・海外旅行傷害保険が付帯","","39,600円","Platinum","ANA JCB CARD Precious","","マイル還元率最大1.2%、ゴールドカードよりワンランク上の招待制カードです。","0.5%～2.0%","","2025-10-01T14:04:50.421616"
"","カード名: SBIプラチナカード
                    年会費: 22,000円
                    ポイント還元率: 0.66%～1.0%
                    特徴:","","22,000円","Platinum","SBIプラチナカード","","2018年1月31日に新規のお申し込み受付を終了したカードです。","0.66%～1.0%","","2025-10-01T14:04:50.422145"
"","カード名: SKYPASS MUFGカード・プラチナ・アメリカン・エキスプレス(R)・カード
                    年会費: 22,000円
                    ポイント還元率: 1.0%
                    特徴: フライトやショッピングでマイルが貯まる、プラチナならではの優待サービス、補償サービスが充実","","22,000円","Platinum","SKYPASS MUFGカード・プラチナ・アメリカン・エキスプレス(R)・カード","","スカイパスが貯まる大韓航空提携のプラチナカードです。","1.0%","","2025-10-01T14:04:50.422739"
"","カード名: Mastercard(R) Black Card
                    年会費: 110,000円（初年度55,000円）
                    ポイント還元率: 1.25%～7.15%
                    特徴: キャッシュバック還元率1.25％、マットブラック金属製カード、時間や場所を問わず利用可能なコンシェルジュサービス","","110,000円（初年度55,000円）","Platinum","Mastercard(R) Black Card","","ポイント還元率1.25％、Mastercard最上位ステータスのカードです。","1.25%～7.15%","","2025-10-01T14:04:50.423234"
"","カード名: ダイナースクラブ ビジネスプレミアムカード
                    年会費: 143,000円
                    ポイント還元率: 0.5%～1.0%
                    特徴: ビジネスに特化したサービスが充実、最高1億円の海外・国内旅行傷害保険が付帯、有効期限がないダイナースクラブリワードポイントが貯まる","","143,000円","Platinum","ダイナースクラブ ビジネスプレミアムカード","","事業を強力にサポートする、招待制のダイナース法人向けカードです。","0.5%～1.0%","","2025-10-01T14:04:50.423758"
"","カード名: ANAアメリカン・エキスプレス(R)・スーパーフライヤーズ・プレミアム・カード
                    年会費: 165,000円
                    ポイント還元率: 1.0%～2.5%
                    特徴: スーパーフライヤーズ会員の豊富な特典付き、最高1億円の旅行傷害保険が付帯、24時間対応してくれる旅行のサポート体制","","165,000円","Platinum","ANAアメリカン・エキスプレス(R)・スーパーフライヤーズ・プレミアム・カード","","充実の補償とサービス付き、特別感のある旅を体験できるプレミアムカードです。","1.0%～2.5%","","2025-10-01T14:04:54.934232"
"","カード名: Mastercard(R) Gold Card
                    年会費: 220,000円（初年度110,000円）
                    ポイント還元率: 1.5%～9.9%
                    特徴: 還元率1.5％のキャッシュバック、24金コーティングの重厚感と気品あるカード、チャットで繋がる一流のコンシェルジュサービス","","220,000円（初年度110,000円）","Platinum","Mastercard(R) Gold Card","","極上のVIPサービスが体験できる、Mastercard(R)最上位カードです。","1.5%～9.9%","","2025-10-01T14:04:54.935800"
"","カード名: 法人決済用ラグジュアリーカードMastercard(R) Gold Card
                    年会費: 220,000円
                    ポイント還元率: 1.5%～9.9%
                    特徴: 告知費用なしで自社商品・サービスを紹介できるLCオーナーズコミュニティ、高還元率のポイントプログラム、最上位カードとして相応しい24金コーティングのカード","","220,000円","Platinum","法人決済用ラグジュアリーカードMastercard(R) Gold Card","","プレミアムサービスが付帯した金属製のステータス法人カードです。","1.5%～9.9%","","2025-10-01T14:04:54.936877"
"","カード名: freeeセゾンプラチナビジネスカード
                    年会費: 33,000円（初年度無料）
                    ポイント還元率: 0.5%～1.0%
                    特徴: 経費削減で効率的なビジネスを、「プライオリティ・パス」が年会費無料、最高1億円の旅行傷害保険が付帯","","33,000円（初年度無料）","Platinum","freeeセゾンプラチナビジネスカード","","個人事業主の方でも申込みでき、付帯サービスも充実しているカードです。","0.5%～1.0%","","2025-10-01T14:04:54.937875"
"","カード名: JAL CLUB EST プラチナ
                    年会費: 34,100円
                    ポイント還元率: 0.5%～3.0%
                    特徴: 遅延保険も付帯、最高1億円補償の国内外旅行傷害保険、国内外で利用可能なラウンジサービス、JAL CLUB EST会員限定のボーナスマイルがもらえる","","34,100円","Platinum","JAL CLUB EST プラチナ","","JAL CLUB ESTのサービスにプラチナ会員向け特典が付帯したカードです。","0.5%～3.0%","","2025-10-01T14:04:54.938843"
"","カード名: 税理士MUFGカード・プラチナ・アメリカン・エキスプレス(R)・カード
                    年会費: 22,000円
                    ポイント還元率: 0.5%～7.0%
                    特徴: プラチナならではのコンシェルジュサービス、「プライオリティ・パス」が無料、プラチナ会員限定のサービス","","22,000円","Platinum","税理士MUFGカード・プラチナ・アメリカン・エキスプレス(R)・カード","","東京税理士共同組合の会員向けのアメックスプラチナカードです。","0.5%～7.0%","","2025-10-01T14:04:54.939807"
"","カード名: 早稲田Alumni MUFGカード・プラチナ・アメリカン・エキスプレス(R)・カード
                    年会費: 22,000円
                    ポイント還元率: 0.5%～7.0%
                    特徴: 早稲田大学のオリジナルサービス、補償額最高1億円の海外旅行傷害保険を付帯、空港ラウンジサービス","","22,000円","Platinum","早稲田Alumni MUFGカード・プラチナ・アメリカン・エキスプレス(R)・カード","","早稲田と提携した最高1億円の補償付きのプラチナカードです。","0.5%～7.0%","","2025-10-01T14:04:54.940731"
"","カード名: 法人決済用ラグジュアリーカードMastercard(R) Black Card
                    年会費: 110,000円
                    ポイント還元率: 1.25%～7.15%
                    特徴: 高い気品とデザイン性を備えたマットブラック、納税でもポイントが貯まる、キャッシュバック還元率1.25％のポイントプログラム、24時間365日対応可能な一流コンシェルジュサービス","","110,000円","Platinum","法人決済用ラグジュアリーカードMastercard(R) Black Card","","ビジネスシーンに役立つサービスが充実、マスターカード最上位ランクのカードです。","1.25%～7.15%","","2025-10-01T14:04:54.941643"
"","カード名: 三井住友銀聯プラチナカード
                    年会費: 無料
                    ポイント還元率: 0.5%
                    特徴: Vポイントが貯まる、銀聯コールセンターの利用が可能、年会費・発行手数料は無料","","無料","Platinum","三井住友銀聯プラチナカード","","三井住友カードのプラチナ会員が持てる銀聯ブランドのカードです。","0.5%","","2025-10-01T14:04:54.942599"
"","カード名: セゾンプラチナ・ビジネス プロ・アメリカン・エキスプレス(R)・カード
                    年会費: 27,500円
                    ポイント還元率: 1.0%
                    特徴: 選べる機能で経営をサポート、カード毎に限度額が設定できWEB明細で確認が可能、追加カードにも海外旅行傷害保険が最高1億円まで付帯","","27,500円","Platinum","セゾンプラチナ・ビジネス プロ・アメリカン・エキスプレス(R)・カード","","2つの選べる機能でビジネスサポートが受けられるセゾンプラチナカードです。","1.0%","","2025-10-01T14:04:54.943502"
"","カード名: 慶應 MUFGカード・プラチナ・アメリカン・エキスプレス(R)・カード
                    年会費: 22,000円
                    ポイント還元率: 0.5%～7.0%
                    特徴: 慶應義塾ならではの特典、最高1億円の海外旅行傷害保険、プラチナ会員の優待サービス","","22,000円","Platinum","慶應 MUFGカード・プラチナ・アメリカン・エキスプレス(R)・カード","","慶應義塾とMUFGカードのプラチナ特典が受けられるカードです。","0.5%～7.0%","","2025-10-01T14:04:54.944460"
"","カード名: 東京建物ブリリア エムアイカード プラス プラチナ
                    年会費: 60,500円
                    ポイント還元率: 1.0%～10.0%
                    特徴: 最高1億円補償の旅行傷害保険が自動付帯、プラチナカード特典が満載、エムアイポイントが貯まる","","60,500円","Platinum","東京建物ブリリア エムアイカード プラス プラチナ","","東京建物Brilliaの限定サービスやプラチナ特典が付帯したカードです。","1.0%～10.0%","","2025-10-01T14:04:54.945401"
"","カード名: 三菱UFJカード・プラチナ・ビジネス・アメリカン・エキスプレス(R)・カード
                    年会費: 22,000円
                    ポイント還元率: 0.4%～1.6%
                    特徴: 入会初年度は国内加盟店でのショッピング利用でポイント1.5倍、必要経費を1枚に集約、プラチナならではのコンシェルジュサービス","","22,000円","Platinum","三菱UFJカード・プラチナ・ビジネス・アメリカン・エキスプレス(R)・カード","","プラチナならではのサービス付帯。三菱UFJビジネスアメックスカードです。","0.4%～1.6%","","2025-10-01T14:04:54.946427"
"","カード名: GINZA SIXプレステージカード
                    年会費: 55,000円
                    ポイント還元率: 0.8%～1.0%
                    特徴: GINZA SIXのクレジット払いで、ふたつのポイントが貯まる、プレステージカードならではのサービスが利用できる、最高5,000万円補償の国内外旅行傷害保険が付帯","","55,000円","Platinum","GINZA SIXプレステージカード","","GINZA SIXでの利用で2つのポイントが貯まり、様々な特典が付帯したカードです。","0.8%～1.0%","","2025-10-01T14:04:54.947468"
"","カード名: JCB CARD Biz プラチナ
                    年会費: 33,000円
                    ポイント還元率: 0.45%～9.9%
                    特徴: プラチナ・コンシェルジュデスクを利用できる、年間300万円以上利用すると、翌年は70％のポイントアップ、世界中の空港ラウンジを使えるプライオリティ・パスの発行可能、対象レストランの対象コース料理を2名以上で予約すると1名分が無料になる「グルメ・ベネフィット」を利用できる、傷害治療・疾病治療が1,000万円、携行品損害も100万円の海外旅行傷害保険　※利用付帯","","33,000円","Platinum","JCB CARD Biz プラチナ","","プラチナならではのサービスやサポートが受けられる法人カードです。","0.45%～9.9%","","2025-10-01T14:04:54.948429"
"","カード名: JCB ザ・クラス（紀陽カード）
                    年会費: 55,000円
                    ポイント還元率: 0.5%～10.0%
                    特徴: 会員クラス最上級のサービスを満喫できる、有効期間5年のOki Dokiポイントが貯まる、最高1億円の国内外旅行傷害保険が利用付帯","","55,000円","Platinum","JCB ザ・クラス（紀陽カード）","","紀陽カードが発行するJCB最上位のステータスカードです。","0.5%～10.0%","","2025-10-01T14:04:54.949367"
"","カード名: JAL CLUB EST アメリカン・エキスプレス・カード プラチナ
                    年会費: 34,100円
                    ポイント還元率: 0.5%～3.0%
                    特徴: 家族特約も付帯する国内外旅行傷害保険、100円につき1マイル貯まる、プラチナ特典が充実","","34,100円","Platinum","JAL CLUB EST アメリカン・エキスプレス・カード プラチナ","","通常よりマイルが貯まる、20代限定のJALプラチナカードです。","0.5%～3.0%","","2025-10-01T14:04:54.950330"
"","カード名: 明治大学 MUFGカード・プラチナ・アメリカン・エキスプレス(R)・カード
                    年会費: 22,000円
                    ポイント還元率: 0.5%～7.0%
                    特徴: 明治大学の様々な特典、コンシェルジュサービス、プラチナカードならではの特典","","22,000円","Platinum","明治大学 MUFGカード・プラチナ・アメリカン・エキスプレス(R)・カード","","大学施設の利用ができ、アメックスプラチナサービスが受けられるカードです。","0.5%～7.0%","","2025-10-01T14:04:54.951258"
"","カード名: スノーピークカード（プラチナカード）
                    年会費: 88,000円
                    ポイント還元率: 1.5%～2.0%
                    特徴: スノーピークポイントがVisa加盟店で1.5％貯まる、スノーピークの優待サービスが充実、オリジナルノベルティがもらえる、最高1億円補償の旅行保険が自動付帯など、プラチナならではの特典","","88,000円","Platinum","スノーピークカード（プラチナカード）","","最高1億円の旅行傷害保険が付帯した、スノーピークのプラチナカードです。","1.5%～2.0%","","2025-10-01T14:04:54.952158"
"","カード名: セディナプラチナカード
                    年会費: 33,000円
                    ポイント還元率: 0.5%～1.5%
                    特徴:","","33,000円","Platinum","セディナプラチナカード","","2024年1月25日に新規のお申し込み受付を終了したカードです。","0.5%～1.5%","","2025-10-01T14:04:54.953014"
"","カード名: スルガ・セゾンプラチナ・ビジネス・アメリカン・エキスプレス(R)・カード
                    年会費: 33,000円（初年度無料）
                    ポイント還元率: 0.5%～1.0%
                    特徴: カード利用で永久不滅ポイントが貯まる、ビジネスで役立つサービスが付帯、海外旅行傷害保険が最高1億円付帯","","33,000円（初年度無料）","Platinum","スルガ・セゾンプラチナ・ビジネス・アメリカン・エキスプレス(R)・カード","","スルガ銀行と提携したビジネスサポートが受けられるセゾンプラチナカードです。","0.5%～1.0%","","2025-10-01T14:04:58.945772"
"","カード名: HARLEYプラチナカード
                    年会費: 22,000円
                    ポイント還元率: 1.5%
                    特徴:","","22,000円","Platinum","HARLEYプラチナカード","","2023年12月31日に新規のお申し込み受付を終了したカードです。","1.5%","","2025-10-01T14:04:58.947277"
"","カード名: 九州VISAビジネスプラチナカード
                    年会費: 55,000円
                    ポイント還元率: 0.4%～0.48%
                    特徴: 最高1億円補償の国内外旅行傷害保険が付帯、プラチナ会員特典が充実、ワールドプレゼントポイントが1,000円ごとに1ポイント貯まる","","55,000円","Platinum","九州VISAビジネスプラチナカード","","プラチナクオリティのサービスが受けられる九州カードのビジネスカードです。","0.4%～0.48%","","2025-10-01T14:04:58.948306"
"","カード名: ザ・リッツ・カールトン大阪VISAカード（プラチナカード）
                    年会費: 55,000円
                    ポイント還元率: 0.0%～5.0%
                    特徴: ザ・リッツ・カールトン大阪でのカード利用でFDPポイントが貯まる、ザ・リッツ・カールトン大阪での優待サービス、最高1億円の海外・国内旅行傷害保険が自動付帯","","55,000円","Platinum","ザ・リッツ・カールトン大阪VISAカード（プラチナカード）","","ザ・リッツ・カールトン大阪の最高級スイートへの招待など、特典が充実したカードです。","0.0%～5.0%","","2025-10-01T14:04:58.949266"
"","カード名: 京都ビジネスカード for Owners プラチナカード
                    年会費: 55,000円
                    ポイント還元率: 1.0%～7.0%
                    特徴: プラチナ会員特典が充実、最高1億円補償の海外・国内旅行傷害保険が自動付帯、Vポイントが貯まる","","55,000円","Platinum","京都ビジネスカード for Owners プラチナカード","","プラチナならではの特典が付帯、京都クレジットサービス提携のビジネスカードです。","1.0%～7.0%","","2025-10-01T14:04:58.950209"
"","カード名: レクサス東京 エムアイカード プラス プラチナ
                    年会費: 60,500円
                    ポイント還元率: 1.0%～10.0%
                    特徴:","","60,500円","Platinum","レクサス東京 エムアイカード プラス プラチナ","","新規のお申し込み受付を終了したカードです。","1.0%～10.0%","","2025-10-01T14:04:58.951085"
"","カード名: DENTIST'S CARD PLATINUM（BUSINESS）
                    年会費: 55,000円
                    ポイント還元率: 0.54%～1.08%
                    特徴: 最高補償額1億円の海外・国内旅行傷害保険、1,300カ所以上の空港ラウンジが利用できる、プラチナランクのサービス「Taste of Premium」","","55,000円","Platinum","DENTIST'S CARD PLATINUM（BUSINESS）","","プラチナのサービスが付帯した、大阪府歯科医師協同組合と提携したカードです。","0.54%～1.08%","","2025-10-01T14:04:58.951947"
"","カード名: 東和カード・プラチナ・アメリカン・エキスプレス(R)・カード
                    年会費: 22,000円
                    ポイント還元率: 0.5%
                    特徴: プライオリティ・パスなどのプラチナ特典が満載、5つの保険で充実の補償サービス、グローバルポイントが海外で2倍貯まる","","22,000円","Platinum","東和カード・プラチナ・アメリカン・エキスプレス(R)・カード","","世界レベルのホスピタリティが約束された、東和カード発行のプラチナカードです。","0.5%","","2025-10-01T14:04:58.952825"
"","カード名: ヒルトン・オナーズVISAプラチナカード
                    年会費: 67,500円
                    ポイント還元率: 0.25%
                    特徴:","","67,500円","Platinum","ヒルトン・オナーズVISAプラチナカード","","2020年6月30日に新規のお申し込み受付を終了したカードです。","0.25%","","2025-10-01T14:04:58.953668"
"","カード名: 法人決済用ラグジュアリーカードMastercard(R) Titanium Card
                    年会費: 55,000円
                    ポイント還元率: 1.0%～6.6%
                    特徴: 各種納税でもショッピングと同等のポイント還元、スタイリッシュでモダンな金属製カード、ビジネスシーンで役立つコンシェルジュサービス","","55,000円","Platinum","法人決済用ラグジュアリーカードMastercard(R) Titanium Card","","法人決済用のMastercard(R)最上位ステータスのカードです。","1.0%～6.6%","","2025-10-01T14:04:58.954542"
"","カード名: 北陸JCBプラチナ法人カード
                    年会費: 33,000円
                    ポイント還元率: 0.45%～0.99%
                    特徴: 最高1億円の海外・国内旅行傷害保険が付帯、プラチナカードならではのプレミアムサービス、Oki Dokiポイントが貯まる","","33,000円","Platinum","北陸JCBプラチナ法人カード","","JCBプレミアムサービスが利用できる北陸銀行提携の法人向けプラチナカードです。","0.45%～0.99%","","2025-10-01T14:04:58.955471"
"","カード名: とちぎんカード・プラチナ・アメリカン・エキスプレス(R)・カード ビジネス
                    年会費: 22,000円
                    ポイント還元率: 0.4%～1.6%
                    特徴: プラチナ会員の豊富なサービスを利用できる、経費管理の効率化を実現できる、5つのプロテクションで充実の補償サービス","","22,000円","Platinum","とちぎんカード・プラチナ・アメリカン・エキスプレス(R)・カード ビジネス","","アメックスのプラチナ会員特典が充実した、とちぎん発行のビジネスカードです。","0.4%～1.6%","","2025-10-01T14:04:58.956359"
"","カード名: JCB法人プラチナカード（紀陽カード）
                    年会費: 33,000円
                    ポイント還元率: 0.45%～9.9%
                    特徴: 充実したプラチナ会員特典、国内外の出張・移動に最高1億円の保険補償が付帯、カード利用額の充当などに使えるOki Dokiポイントが貯まる","","33,000円","Platinum","JCB法人プラチナカード（紀陽カード）","","充実のプラチナ特典が付帯した、法人向け紀陽カードです。","0.45%～9.9%","","2025-10-01T14:04:58.957289"
"","カード名: GDO MUFGカード・プラチナ・アメリカン・エキスプレス(R)・カード
                    年会費: 26,400円
                    ポイント還元率: 0.6%～5.0%
                    特徴: ゴルフライフを豊かにするサービス、充実したホスピタリティ、安心と充実の保険が付帯","","26,400円","Platinum","GDO MUFGカード・プラチナ・アメリカン・エキスプレス(R)・カード","","ゴルフダイジェスト・オンラインとニコス提携のプラチナカードです。","0.6%～5.0%","","2025-10-01T14:04:58.958304"
"","カード名: 但馬銀行ビジネスカード for Owners プラチナカード
                    年会費: 55,000円
                    ポイント還元率: 1.0%～7.0%
                    特徴: 最高1億円補償の海外・国内旅行傷害保険、Vポイントが貯まる、プラチナカードならではの特典が満載","","55,000円","Platinum","但馬銀行ビジネスカード for Owners プラチナカード","","プラチナランクの特典が充実した但馬銀行提携の法人カードです。","1.0%～7.0%","","2025-10-01T14:04:58.959185"
"","カード名: へきしんセゾンプラチナ・アメリカン・エキスプレス(R)・カード
                    年会費: 33,000円
                    ポイント還元率: 0.75%～1.0%
                    特徴: SAISON MILE CLUBに登録可能、永久不滅ポイントが国内1.5倍・海外2倍、国内・海外空港ラウンジサービス","","33,000円","Platinum","へきしんセゾンプラチナ・アメリカン・エキスプレス(R)・カード","","へきしん独自の特典も受けられる、碧海信用金庫提携のプラチナカードです。","0.75%～1.0%","","2025-10-01T14:04:58.960093"
"","カード名: 北陸Visaビジネスプラチナカード
                    年会費: 55,000円
                    ポイント還元率: 0.8%～0.97%
                    特徴: プラチナカード特典が利用できる、経費の支払いでもポイントが貯まる、Amazonビジネスが利用できる","","55,000円","Platinum","北陸Visaビジネスプラチナカード","","クオリティの高いサービスが受けられる北陸銀行提携のプラチナカードです。","0.8%～0.97%","","2025-10-01T14:04:58.961010"
"","カード名: スルガJCBプラチナカード
                    年会費: 27,500円
                    ポイント還元率: 0.5%～10.0%
                    特徴: プラチナ会員ならではのサービス「JCB Platinum」を利用できる、利用付帯の国内外旅行傷害保険、最高補償額は1億円、利用額に応じてポイント率がアップするOki Dokiポイントが貯まる","","27,500円","Platinum","スルガJCBプラチナカード","","最高1億円補償の旅行傷害保険付帯、スルガ銀行グループのプラチナカードです。","0.5%～10.0%","","2025-10-01T14:04:58.961990"
"","カード名: VISA法人プラチナカード（紀陽カード）
                    年会費: 55,000円
                    ポイント還元率: 0.4%～0.48%
                    特徴: 最高補償額1億円の旅行傷害保険が自動付帯、プラチナ会員の特典が満載、ワールドプレゼントのポイントが貯まる","","55,000円","Platinum","VISA法人プラチナカード（紀陽カード）","","プラチナ会員特典が利用できる、紀陽カード発行の法人カードです。","0.4%～0.48%","","2025-10-01T14:04:58.962954"
"","カード名: JCBプラチナ法人カード（みなとカード）
                    年会費: 33,000円
                    ポイント還元率: 0.45%～9.9%
                    特徴:","","33,000円","Platinum","JCBプラチナ法人カード（みなとカード）","","2025年3月31日に新規のお申し込み受付を終了したカードです。","0.45%～9.9%","","2025-10-01T14:04:58.963749"
"","カード名: GINZA SIX カード プレステージ
                    年会費: 55,000円
                    ポイント還元率: 1.0%～3.0%
                    特徴:","","55,000円","Platinum","GINZA SIX カード プレステージ","","新規のお申し込み受付を終了したカードです。","1.0%～3.0%","","2025-10-01T14:05:01.411598"
"","カード名: 伊予銀行ビジネスカード for Owners（プラチナカード）
                    年会費: 55,000円
                    ポイント還元率: 1.0%～7.0%
                    特徴: 最高1億円の海外・国内旅行傷害保険が自動付帯、プラチナならではの上質なサービス、カードの利用でVポイントが貯まる","","55,000円","Platinum","伊予銀行ビジネスカード for Owners（プラチナカード）","","旅行傷害保険は最高1億円、伊予銀行提携のプラチナビジネスカードです。","1.0%～7.0%","","2025-10-01T14:05:01.412945"
"","カード名: へきしんセゾンプラチナ・ビジネス・アメリカン・エキスプレス(R)・カード
                    年会費: 33,000円（初年度無料）
                    ポイント還元率: 0.5%～1.0%
                    特徴: 業務効率化・経費削減に役立つ法人向けサービス、SAISON MILE CLUBでJALマイルが貯まる、貯まった永久不滅ポイントを活用し、経費削減が可能","","33,000円（初年度無料）","Platinum","へきしんセゾンプラチナ・ビジネス・アメリカン・エキスプレス(R)・カード","","ビジネスサポートが充実した、碧海信用金庫提携のプラチナカードです。","0.5%～1.0%","","2025-10-01T14:05:01.413945"
"","カード名: スルガ・セゾンプラチナ・アメリカン・エキスプレス(R)・カード
                    年会費: 33,000円
                    ポイント還元率: 0.75%
                    特徴: 永久不滅ポイントが貯まる、海外旅行傷害保険が最高1億円付帯、プラチナのサービスが利用可能","","33,000円","Platinum","スルガ・セゾンプラチナ・アメリカン・エキスプレス(R)・カード","","特定優待加盟店でポイントが2倍になるスルガ銀行提携のプラチナカードです。","0.75%","","2025-10-01T14:05:01.414856"
"","カード名: 北陸Visaプラチナカード
                    年会費: 55,000円
                    ポイント還元率: 1.0%～1.5%
                    特徴: 最高1億円の旅行傷害保険が付帯、空港ラウンジなどのプラチナカード特典が利用できる、ワールドプレゼントポイントの有効期限が4年間","","55,000円","Platinum","北陸Visaプラチナカード","","Visaのプラチナサービスが利用できる北陸銀行提携のプラチナカードです。","1.0%～1.5%","","2025-10-01T14:05:01.415915"
"","カード名: JCB法人カードプラチナ（とちぎんカード）
                    年会費: 33,000円
                    ポイント還元率: 0.45%～0.99%
                    特徴: 家族特約が付いた旅行傷害保険、プラチナクラスならではの特別なサービスが豊富、Oki Dokiポイントが貯まる","","33,000円","Platinum","JCB法人カードプラチナ（とちぎんカード）","","最高1億円の旅行傷害保険などプラチナ特典が付いたとちぎんの法人カードです。","0.45%～0.99%","","2025-10-01T14:05:01.417012"
"","カード名: だいしプラチナ・ビジネス・アメリカン・エキスプレス(R)・カード
                    年会費: 22,000円
                    ポイント還元率: 0.4%～0.8%
                    特徴: いざという時に頼れる保険サービス、ビジネスシーンで活用、プラチナ会員特典、経費支払いでポイントが貯まる","","22,000円","Platinum","だいしプラチナ・ビジネス・アメリカン・エキスプレス(R)・カード","","世界で活用できるプラチナ特典が付帯した、だいしディーシーのカードです。","0.4%～0.8%","","2025-10-01T14:05:01.417964"
"","カード名: 清水JCBプラチナ法人カード
                    年会費: 33,000円
                    ポイント還元率: 0.45%～9.9%
                    特徴: 最高1億円の海外・国内旅行傷害保険に加え、カーアクシデントも補償、世界約140の国の空港ラウンジが利用可能、Oki Dokiポイントが貯まる","","33,000円","Platinum","清水JCBプラチナ法人カード","","清水銀行にて申込みできるJCBプラチナサービス付き法人カードです。","0.45%～9.9%","","2025-10-01T14:05:01.418984"
"","カード名: Medical Owner'sカード（JCB）プラチナ法人カード
                    年会費: 33,000円
                    ポイント還元率: 0.45%～0.99%
                    特徴: ハイクオリティなプラチナカードのサービスを利用できる、家族特約が利用付帯する海外・国内旅行傷害保険、歯愛メディカルの利用でOki Dokiポイントが2倍貯まる","","33,000円","Platinum","Medical Owner'sカード（JCB）プラチナ法人カード","","歯愛メディカルでポイント2倍、プラチナならではの特典が付いた法人カードです。","0.45%～0.99%","","2025-10-01T14:05:01.419959"
"","カード名: JCBプラチナ法人カード（鹿児島カード）
                    年会費: 33,000円
                    ポイント還元率: 0.45%～0.99%
                    特徴: プライオリティ・パスを利用できる、各種サービスの予約や相談に24時間年中無休で対応、業務効率化と経費削減が可能","","33,000円","Platinum","JCBプラチナ法人カード（鹿児島カード）","","数多くのサービスが付帯された鹿児島銀行提携のプラチナ法人カードです。","0.45%～0.99%","","2025-10-01T14:05:01.420955"
"","カード名: とちぎんカード・プラチナ・アメリカン・エキスプレス(R)・カード
                    年会費: 22,000円
                    ポイント還元率: 0.5%～1.0%
                    特徴: 快適に旅行を満喫できるサービスが充実、月間の利用金額に応じてポイント優遇、付帯保険が充実","","22,000円","Platinum","とちぎんカード・プラチナ・アメリカン・エキスプレス(R)・カード","","国内外でワンランク上のサービスが利用できる、とちぎん発行のプラチナカードです。","0.5%～1.0%","","2025-10-01T14:05:01.421946"
"","カード名: JCBプラチナ法人カード（静銀カード）
                    年会費: 33,000円
                    ポイント還元率: 0.45%～9.9%
                    特徴: プラチナ会員ならではの特典が充実、旅行傷害保険が最高1億円補償、遅延保険やショッピング保険も付帯、経費等の支払いでOki Dokiポイントが貯まる","","33,000円","Platinum","JCBプラチナ法人カード（静銀カード）","","プラチナ会員の特典が充実した、静銀カードのプラチナ法人カードです。","0.45%～9.9%","","2025-10-01T14:05:01.422801"
